INSERT INTO Usuario VALUES
	('jvitorfromhell', 'Jose Vitor Schneid', 'jvitor.schneid@gmail.com'),
    ('anaLegs', 'Ana Pernas', 'anaLegs@inf.ufpel.edu.br'),
    ('bubbles', 'Thiago Bubolz', 'bubbles@hotmail.com'),
    ('freitas', 'Matheus Freitag', 'freitascoms@bol.com.br'),
    ('yanyantcha', 'Yan Soares', 'yanyantcha@msn.com'),
    ('leozerah', 'Leo Lima', 'vamotricolor@yahoo.com.br');
    
INSERT INTO Formato VALUES
	('Standard', 60),
    ('Modern', 60),
    ('Legacy', 60),
    ('Commander', 100);
    
INSERT INTO Bloco VALUES
	('LEA', 'Limited Edition Alpha'),
    ('LEB', 'Limited Edition Beta'),
    ('2ED', 'Unlimited'),
    ('3ED', 'Revised Edition'),
    ('4ED', 'Fourth Edition'),
    ('5ED', 'Fifth Edition'),
    ('6ED', 'Sixth Edition'),
    ('7ED', 'Seventh Edition'),
    ('8ED', 'Eighth Edition'),
    ('9ED', 'Ninth Edition'),
    ('10E', 'Tenth Edition'),
    ('M10', 'Magic 2010'),
    ('M11', 'Magic 2011'),
    ('M12', 'Magic 2012'),
    ('M13', 'Magic 2013'),
    ('M14', 'Magic 2014'),
    ('M15', 'Magic 2015'),
    ('ORI', 'Magic Origins'),
    ('ARN', 'Arabian Nights'),
    ('ATQ', 'Antiquities'),
    ('LEG', 'Legends'),
    ('DRK', 'The Dark'),
    ('FEM', 'Fallen Empires'),
    ('HML', 'Homelands'),
    ('ICE', 'Ice Age'),
    ('ALL', 'Alliances'),
    ('CSP', 'Coldsnap'),
    ('MIR', 'Mirage'),
    ('VIS', 'Visions'),
    ('WTH', 'Weatherlight'),
    ('TMP', 'Tempest'),
    ('STH', 'Stronghold'),
    ('EXO', 'Exodus'),
    ('USG', "Urza's Saga"),
    ('ULG', "Urza's Legacy"),
    ('UDS', "Urza's Destiny"),
    ('MMQ', 'Mercadian Masques'),
    ('NMS', 'Nemesis'),
    ('PCY', 'Prophecy'),
    ('INV', 'Invasion'),
    ('PLS', 'Planeshift'),
    ('APC', 'Apocalipse'),
    ('ODY', 'Odissey'),
    ('TOR', 'Torment'),
    ('JUD', 'Judgement'),
    ('ONS', 'Onslaught'),
    ('LGN', 'Legions'),
    ('SCG', 'Scourge'),
    ('MRD', 'Mirrodin'),
    ('DST', 'Darksteel'),
    ('5DN', 'Fifth Dawn'),
    ('CHK', 'Champions of Kamigawa'),
    ('BOK', 'Betrayors of Kamigawa'),
    ('SOK', 'Saviors of Kamigawa'),
    ('RAV', 'Ravnica: City of Guilds'),
    ('GPT', 'Guildpact'),
    ('DIS', 'Dissension'),
    ('TSP', 'Time Spiral'),
    ('PLC', 'Planar Chaos'),
    ('FUT', 'Future Sight'),
    ('LRW', 'Lorwyn'),
    ('MOR', 'Morningtide'),
    ('SHM', 'Shadowmoor'),
    ('EVE', 'Eventide'),
    ('ALA', 'Shards of Alara'),
    ('CON', 'Conflux'),
    ('ARB', 'Alara Reborn'),
    ('ZEN', 'Zendikar'),
    ('WWK', 'Worldwake'),
    ('ROE', 'Rise of Eldrazi'),
    ('SOM', 'Scars of Mirrodin'),
    ('MBS', 'Mirrodin Besieged'),
    ('NPH', 'New Phyrexia'),
    ('ISD', 'Innistrad'),
    ('DKA', 'Dark Ascension'),
    ('AVR', 'Avacyn Restored'),
    ('RTR', 'Return to Ravnica'),
    ('GTC', 'Gatecrash'),
    ('DGM', "Dragon's Maze"),
    ('THS', 'Theros'),
    ('BNG', 'Born of the Gods'),
    ('JOU', 'Journey into Nyx'),
    ('KTK', 'Khans of Tarkir'),
    ('FRF', 'Fate Reforged'),
    ('DTK', 'Dragons of Tarkir'),
    ('BFZ', 'Battle for Zendikar'),
    ('OGW', 'Oath of the Gatewatch'),
    ('SOI', 'Shadows over Innistrad'),
    ('EMN', 'Eldritch Moon'),
    ('KLD', 'Kaladesh'),
    ('AER', 'Aether Revolt'),
    ('MMA', 'Modern Masters'),
    ('MM2', 'Modern Masters 2015'),
    ('EMA', 'Eternal Masters');

INSERT INTO Carta VALUES
	('Forest', 'Basic Land', 'C', 0),
    ('Mountain', 'Basic Land', 'C', 0),
    ('Swamp', 'Basic Land', 'C', 0),
    ('Island', 'Basic Land', 'C', 0),
    ('Plains', 'Basic Land', 'C', 0),
    ('Llanowar Elves', 'Creature', 'G', 1),
    ('Heritage Druid', 'Creature', 'G', 1),
    ('Arbor Elf', 'Creature', 'G', 1),
    ('Ezuri, Renegade Leader', 'Legendary Creature', 'G', 3),
    ('Snapcaster Mage', 'Creature', 'U', 2),
    ('Young Pyromancer', 'Creature', 'R', 2),
    ('Tarmogoyf', 'Creature', 'G', 2),
    ('Heart of Kiran', 'Legendary Artifact', 'C', 2),
    ('Bloodbraid Elf', 'Creature', 'M', 4),
    ('Jace, the Mind Sculptor', 'Planeswalker', 'U', 4),
    ('Glimpse of Nature', 'Sorcery', 'G', 1),
    ('Demonic Tutor', 'Sorcery', 'B', 2),
    ('Mental Misstep', 'Instant', 'U', 1),
    ('Necropotence', 'Enchantment', 'B', 3),
    ("Smugler's Copter", 'Artifact', 'C', 2),
    ('Braids, Cabal Minion', 'Legendary Creature', 'B', 4),
    ('Emrakul, the Promised End', 'Creature', 'C', 13),
    ('Duress', 'Sorcery', 'B', 1),
    ('Lightning Helix', 'Instant', 'M', 2),
    ('Kemba, Kha Regent', 'Creature', 'W', 3),
    ('Goblin Guide', 'Creature', 'R', 1),
    ('Treasure Cruise', 'Sorcery', 'U', 8),
    ('Remand', 'Instant', 'U', 2),
    ('Naturalize', 'Instant', 'G', 2),
    ('Chromatic Lantern', 'Artifact', 'C', 3),
    ('Nykthos, Shrine to Nyx', 'Land', 'C', 0),
    ('Doran, the Siege Tower', 'Legendary Creature', 'M', 3),
    ('Doom Blade', 'Instant', 'B', 2),
    ('Mentor of the Meek', 'Creature', 'W', 3),
    ('Lightning Bolt', 'Instant', 'R', 1),
    ('Serum Visions', 'Sorcery', 'U', 1),
    ("Dragon's Claw", 'Artifact', 'C', 2),
    ('Merfolk Looter', 'Creature', 'U', 2),
    ('Fog', 'Instant', 'G', 1),
    ('Royal Assassin', 'Creature', 'B', 3),
    ('Ancestral Vision', 'Sorcery', 'U', 0),
    ('Winding Constrictor', 'Creature', 'M', 2),
    ('Unlicensed Disintegration', 'Instant', 'M', 3),
    ('Canopy Vista', 'Land', 'C', 0),
    ('Spire of Industry', 'Land', 'C', 0),
    ('Saheeli Rai', 'Planeswalker', 'M', 3),
    ('Felidar Guardian', 'Creature', 'W', 4),
    ('Attune with Aether', 'Sorcery', 'G', 1),
    ('Rishkar, Peema Renegade', 'Legendary Creature', 'G', 3),
    ('Walking Ballista', 'Artifact Creature', 'C', 0),
    ("Yaheeni's Expertise", 'Sorcery', 'B', 4);
    
INSERT INTO CartaPertenceBloco VALUES 
	('Forest', 'LEA'),
    ('Forest', 'LEB'),
    ('Forest', '2ED'),
    ('Forest', '3ED'),
    ('Forest', '4ED'),
    ('Forest', '5ED'),
    ('Forest', '6ED'),
    ('Forest', '7ED'),
    ('Forest', '8ED'),
    ('Forest', '9ED'),
    ('Forest', '10E'),
    ('Forest', 'M10'),
    ('Forest', 'M11'),
    ('Forest', 'M12'),
    ('Forest', 'M13'),
    ('Forest', 'M14'),
    ('Forest', 'M15'),
    ('Forest', 'ORI'),
    ('Forest', 'ARN'),
    ('Forest', 'ATQ'),
    ('Forest', 'LEG'),
    ('Forest', 'DRK'),
    ('Forest', 'FEM'),
    ('Forest', 'HML'),
    ('Forest', 'ICE'),
    ('Forest', 'ALL'),
    ('Forest', 'CSP'),
    ('Forest', 'MIR'),
    ('Forest', 'VIS'),
    ('Forest', 'WTH'),
    ('Forest', 'TMP'),
    ('Forest', 'STH'),
    ('Forest', 'EXO'),
    ('Forest', 'USG'),
    ('Forest', 'ULG'),
    ('Forest', 'UDS'),
    ('Forest', 'MMQ'),
    ('Forest', 'NMS'),
    ('Forest', 'PCY'),
    ('Forest', 'INV'),
    ('Forest', 'PLS'),
    ('Forest', 'APC'),
    ('Forest', 'ODY'),
    ('Forest', 'TOR'),
    ('Forest', 'JUD'),
    ('Forest', 'ONS'),
    ('Forest', 'LGN'),
    ('Forest', 'SCG'),
    ('Forest', 'MRD'),
    ('Forest', 'DST'),
    ('Forest', '5DN'),
    ('Forest', 'CHK'),
    ('Forest', 'BOK'),
    ('Forest', 'SOK'),
    ('Forest', 'RAV'),
    ('Forest', 'GPT'),
    ('Forest', 'DIS'),
    ('Forest', 'TSP'),
    ('Forest', 'PLC'),
    ('Forest', 'FUT'),
    ('Forest', 'LRW'),
    ('Forest', 'MOR'),
    ('Forest', 'SHM'),
    ('Forest', 'EVE'),
    ('Forest', 'ALA'),
    ('Forest', 'CON'),
    ('Forest', 'ARB'),
    ('Forest', 'ZEN'),
    ('Forest', 'WWK'),
    ('Forest', 'ROE'),
    ('Forest', 'SOM'),
    ('Forest', 'MBS'),
    ('Forest', 'NPH'),
    ('Forest', 'ISD'),
    ('Forest', 'DKA'),
    ('Forest', 'AVR'),
    ('Forest', 'RTR'),
    ('Forest', 'GTC'),
    ('Forest', 'DGM'),
    ('Forest', 'THS'),
    ('Forest', 'BNG'),
    ('Forest', 'JOU'),
    ('Forest', 'KTK'),
    ('Forest', 'FRF'),
    ('Forest', 'DTK'),
    ('Forest', 'BFZ'),
    ('Forest', 'OGW'),
    ('Forest', 'SOI'),
    ('Forest', 'EMN'),
    ('Forest', 'KLD'),
    ('Forest', 'AER'),
    ('Forest', 'MMA'),
    ('Forest', 'MM2'),
    ('Forest', 'EMA'),
	('Mountain', 'LEA'),
    ('Mountain', 'LEB'),
    ('Mountain', '2ED'),
    ('Mountain', '3ED'),
    ('Mountain', '4ED'),
    ('Mountain', '5ED'),
    ('Mountain', '6ED'),
    ('Mountain', '7ED'),
    ('Mountain', '8ED'),
    ('Mountain', '9ED'),
    ('Mountain', '10E'),
    ('Mountain', 'M10'),
    ('Mountain', 'M11'),
    ('Mountain', 'M12'),
    ('Mountain', 'M13'),
    ('Mountain', 'M14'),
    ('Mountain', 'M15'),
    ('Mountain', 'ORI'),
    ('Mountain', 'ARN'),
    ('Mountain', 'ATQ'),
    ('Mountain', 'LEG'),
    ('Mountain', 'DRK'),
    ('Mountain', 'FEM'),
    ('Mountain', 'HML'),
    ('Mountain', 'ICE'),
    ('Mountain', 'ALL'),
    ('Mountain', 'CSP'),
    ('Mountain', 'MIR'),
    ('Mountain', 'VIS'),
    ('Mountain', 'WTH'),
    ('Mountain', 'TMP'),
    ('Mountain', 'STH'),
    ('Mountain', 'EXO'),
    ('Mountain', 'USG'),
    ('Mountain', 'ULG'),
    ('Mountain', 'UDS'),
    ('Mountain', 'MMQ'),
    ('Mountain', 'NMS'),
    ('Mountain', 'PCY'),
    ('Mountain', 'INV'),
    ('Mountain', 'PLS'),
    ('Mountain', 'APC'),
    ('Mountain', 'ODY'),
    ('Mountain', 'TOR'),
    ('Mountain', 'JUD'),
    ('Mountain', 'ONS'),
    ('Mountain', 'LGN'),
    ('Mountain', 'SCG'),
    ('Mountain', 'MRD'),
    ('Mountain', 'DST'),
    ('Mountain', '5DN'),
    ('Mountain', 'CHK'),
    ('Mountain', 'BOK'),
    ('Mountain', 'SOK'),
    ('Mountain', 'RAV'),
    ('Mountain', 'GPT'),
    ('Mountain', 'DIS'),
    ('Mountain', 'TSP'),
    ('Mountain', 'PLC'),
    ('Mountain', 'FUT'),
    ('Mountain', 'LRW'),
    ('Mountain', 'MOR'),
    ('Mountain', 'SHM'),
    ('Mountain', 'EVE'),
    ('Mountain', 'ALA'),
    ('Mountain', 'CON'),
    ('Mountain', 'ARB'),
    ('Mountain', 'ZEN'),
    ('Mountain', 'WWK'),
    ('Mountain', 'ROE'),
    ('Mountain', 'SOM'),
    ('Mountain', 'MBS'),
    ('Mountain', 'NPH'),
    ('Mountain', 'ISD'),
    ('Mountain', 'DKA'),
    ('Mountain', 'AVR'),
    ('Mountain', 'RTR'),
    ('Mountain', 'GTC'),
    ('Mountain', 'DGM'),
    ('Mountain', 'THS'),
    ('Mountain', 'BNG'),
    ('Mountain', 'JOU'),
    ('Mountain', 'KTK'),
    ('Mountain', 'FRF'),
    ('Mountain', 'DTK'),
    ('Mountain', 'BFZ'),
    ('Mountain', 'OGW'),
    ('Mountain', 'SOI'),
    ('Mountain', 'EMN'),
    ('Mountain', 'KLD'),
    ('Mountain', 'AER'),
    ('Mountain', 'MMA'),
    ('Mountain', 'MM2'),
    ('Mountain', 'EMA'),
    ('Swamp', 'LEA'),
    ('Swamp', 'LEB'),
    ('Swamp', '2ED'),
    ('Swamp', '3ED'),
    ('Swamp', '4ED'),
    ('Swamp', '5ED'),
    ('Swamp', '6ED'),
    ('Swamp', '7ED'),
    ('Swamp', '8ED'),
    ('Swamp', '9ED'),
    ('Swamp', '10E'),
    ('Swamp', 'M10'),
    ('Swamp', 'M11'),
    ('Swamp', 'M12'),
    ('Swamp', 'M13'),
    ('Swamp', 'M14'),
    ('Swamp', 'M15'),
    ('Swamp', 'ORI'),
    ('Swamp', 'ARN'),
    ('Swamp', 'ATQ'),
    ('Swamp', 'LEG'),
    ('Swamp', 'DRK'),
    ('Swamp', 'FEM'),
    ('Swamp', 'HML'),
    ('Swamp', 'ICE'),
    ('Swamp', 'ALL'),
    ('Swamp', 'CSP'),
    ('Swamp', 'MIR'),
    ('Swamp', 'VIS'),
    ('Swamp', 'WTH'),
    ('Swamp', 'TMP'),
    ('Swamp', 'STH'),
    ('Swamp', 'EXO'),
    ('Swamp', 'USG'),
    ('Swamp', 'ULG'),
    ('Swamp', 'UDS'),
    ('Swamp', 'MMQ'),
    ('Swamp', 'NMS'),
    ('Swamp', 'PCY'),
    ('Swamp', 'INV'),
    ('Swamp', 'PLS'),
    ('Swamp', 'APC'),
    ('Swamp', 'ODY'),
    ('Swamp', 'TOR'),
    ('Swamp', 'JUD'),
    ('Swamp', 'ONS'),
    ('Swamp', 'LGN'),
    ('Swamp', 'SCG'),
    ('Swamp', 'MRD'),
    ('Swamp', 'DST'),
    ('Swamp', '5DN'),
    ('Swamp', 'CHK'),
    ('Swamp', 'BOK'),
    ('Swamp', 'SOK'),
    ('Swamp', 'RAV'),
    ('Swamp', 'GPT'),
    ('Swamp', 'DIS'),
    ('Swamp', 'TSP'),
    ('Swamp', 'PLC'),
    ('Swamp', 'FUT'),
    ('Swamp', 'LRW'),
    ('Swamp', 'MOR'),
    ('Swamp', 'SHM'),
    ('Swamp', 'EVE'),
    ('Swamp', 'ALA'),
    ('Swamp', 'CON'),
    ('Swamp', 'ARB'),
    ('Swamp', 'ZEN'),
    ('Swamp', 'WWK'),
    ('Swamp', 'ROE'),
    ('Swamp', 'SOM'),
    ('Swamp', 'MBS'),
    ('Swamp', 'NPH'),
    ('Swamp', 'ISD'),
    ('Swamp', 'DKA'),
    ('Swamp', 'AVR'),
    ('Swamp', 'RTR'),
    ('Swamp', 'GTC'),
    ('Swamp', 'DGM'),
    ('Swamp', 'THS'),
    ('Swamp', 'BNG'),
    ('Swamp', 'JOU'),
    ('Swamp', 'KTK'),
    ('Swamp', 'FRF'),
    ('Swamp', 'DTK'),
    ('Swamp', 'BFZ'),
    ('Swamp', 'OGW'),
    ('Swamp', 'SOI'),
    ('Swamp', 'EMN'),
    ('Swamp', 'KLD'),
    ('Swamp', 'AER'),
    ('Swamp', 'MMA'),
    ('Swamp', 'MM2'),
    ('Swamp', 'EMA'),
	('Island', 'LEA'),
    ('Island', 'LEB'),
    ('Island', '2ED'),
    ('Island', '3ED'),
    ('Island', '4ED'),
    ('Island', '5ED'),
    ('Island', '6ED'),
    ('Island', '7ED'),
    ('Island', '8ED'),
    ('Island', '9ED'),
    ('Island', '10E'),
    ('Island', 'M10'),
    ('Island', 'M11'),
    ('Island', 'M12'),
    ('Island', 'M13'),
    ('Island', 'M14'),
    ('Island', 'M15'),
    ('Island', 'ORI'),
    ('Island', 'ARN'),
    ('Island', 'ATQ'),
    ('Island', 'LEG'),
    ('Island', 'DRK'),
    ('Island', 'FEM'),
    ('Island', 'HML'),
    ('Island', 'ICE'),
    ('Island', 'ALL'),
    ('Island', 'CSP'),
    ('Island', 'MIR'),
    ('Island', 'VIS'),
    ('Island', 'WTH'),
    ('Island', 'TMP'),
    ('Island', 'STH'),
    ('Island', 'EXO'),
    ('Island', 'USG'),
    ('Island', 'ULG'),
    ('Island', 'UDS'),
    ('Island', 'MMQ'),
    ('Island', 'NMS'),
    ('Island', 'PCY'),
    ('Island', 'INV'),
    ('Island', 'PLS'),
    ('Island', 'APC'),
    ('Island', 'ODY'),
    ('Island', 'TOR'),
    ('Island', 'JUD'),
    ('Island', 'ONS'),
    ('Island', 'LGN'),
    ('Island', 'SCG'),
    ('Island', 'MRD'),
    ('Island', 'DST'),
    ('Island', '5DN'),
    ('Island', 'CHK'),
    ('Island', 'BOK'),
    ('Island', 'SOK'),
    ('Island', 'RAV'),
    ('Island', 'GPT'),
    ('Island', 'DIS'),
    ('Island', 'TSP'),
    ('Island', 'PLC'),
    ('Island', 'FUT'),
    ('Island', 'LRW'),
    ('Island', 'MOR'),
    ('Island', 'SHM'),
    ('Island', 'EVE'),
    ('Island', 'ALA'),
    ('Island', 'CON'),
    ('Island', 'ARB'),
    ('Island', 'ZEN'),
    ('Island', 'WWK'),
    ('Island', 'ROE'),
    ('Island', 'SOM'),
    ('Island', 'MBS'),
    ('Island', 'NPH'),
    ('Island', 'ISD'),
    ('Island', 'DKA'),
    ('Island', 'AVR'),
    ('Island', 'RTR'),
    ('Island', 'GTC'),
    ('Island', 'DGM'),
    ('Island', 'THS'),
    ('Island', 'BNG'),
    ('Island', 'JOU'),
    ('Island', 'KTK'),
    ('Island', 'FRF'),
    ('Island', 'DTK'),
    ('Island', 'BFZ'),
    ('Island', 'OGW'),
    ('Island', 'SOI'),
    ('Island', 'EMN'),
    ('Island', 'KLD'),
    ('Island', 'AER'),
    ('Island', 'MMA'),
    ('Island', 'MM2'),
    ('Island', 'EMA'),
	('Plains', 'LEA'),
    ('Plains', 'LEB'),
    ('Plains', '2ED'),
    ('Plains', '3ED'),
    ('Plains', '4ED'),
    ('Plains', '5ED'),
    ('Plains', '6ED'),
    ('Plains', '7ED'),
    ('Plains', '8ED'),
    ('Plains', '9ED'),
    ('Plains', '10E'),
    ('Plains', 'M10'),
    ('Plains', 'M11'),
    ('Plains', 'M12'),
    ('Plains', 'M13'),
    ('Plains', 'M14'),
    ('Plains', 'M15'),
    ('Plains', 'ORI'),
    ('Plains', 'ARN'),
    ('Plains', 'ATQ'),
    ('Plains', 'LEG'),
    ('Plains', 'DRK'),
    ('Plains', 'FEM'),
    ('Plains', 'HML'),
    ('Plains', 'ICE'),
    ('Plains', 'ALL'),
    ('Plains', 'CSP'),
    ('Plains', 'MIR'),
    ('Plains', 'VIS'),
    ('Plains', 'WTH'),
    ('Plains', 'TMP'),
    ('Plains', 'STH'),
    ('Plains', 'EXO'),
    ('Plains', 'USG'),
    ('Plains', 'ULG'),
    ('Plains', 'UDS'),
    ('Plains', 'MMQ'),
    ('Plains', 'NMS'),
    ('Plains', 'PCY'),
    ('Plains', 'INV'),
    ('Plains', 'PLS'),
    ('Plains', 'APC'),
    ('Plains', 'ODY'),
    ('Plains', 'TOR'),
    ('Plains', 'JUD'),
    ('Plains', 'ONS'),
    ('Plains', 'LGN'),
    ('Plains', 'SCG'),
    ('Plains', 'MRD'),
    ('Plains', 'DST'),
    ('Plains', '5DN'),
    ('Plains', 'CHK'),
    ('Plains', 'BOK'),
    ('Plains', 'SOK'),
    ('Plains', 'RAV'),
    ('Plains', 'GPT'),
    ('Plains', 'DIS'),
    ('Plains', 'TSP'),
    ('Plains', 'PLC'),
    ('Plains', 'FUT'),
    ('Plains', 'LRW'),
    ('Plains', 'MOR'),
    ('Plains', 'SHM'),
    ('Plains', 'EVE'),
    ('Plains', 'ALA'),
    ('Plains', 'CON'),
    ('Plains', 'ARB'),
    ('Plains', 'ZEN'),
    ('Plains', 'WWK'),
    ('Plains', 'ROE'),
    ('Plains', 'SOM'),
    ('Plains', 'MBS'),
    ('Plains', 'NPH'),
    ('Plains', 'ISD'),
    ('Plains', 'DKA'),
    ('Plains', 'AVR'),
    ('Plains', 'RTR'),
    ('Plains', 'GTC'),
    ('Plains', 'DGM'),
    ('Plains', 'THS'),
    ('Plains', 'BNG'),
    ('Plains', 'JOU'),
    ('Plains', 'KTK'),
    ('Plains', 'FRF'),
    ('Plains', 'DTK'),
    ('Plains', 'BFZ'),
    ('Plains', 'OGW'),
    ('Plains', 'SOI'),
    ('Plains', 'EMN'),
    ('Plains', 'KLD'),
    ('Plains', 'AER'),
    ('Plains', 'MMA'),
    ('Plains', 'MM2'),
    ('Plains', 'EMA'),
    ('Llanowar Elves', 'EMA'),
    ('Llanowar Elves', 'M12'),
    ('Llanowar Elves', 'M11'),
    ('Llanowar Elves', 'M10'),
    ('Llanowar Elves', '10E'),
    ('Llanowar Elves', '9ED'),
    ('Llanowar Elves', '7ED'),
    ('Llanowar Elves', '6ED'),
    ('Llanowar Elves', '5ED'),
    ('Llanowar Elves', '4ED'),
    ('Llanowar Elves', '3ED'),
    ('Llanowar Elves', '2ED'),
    ('Llanowar Elves', 'LEB'),
    ('Llanowar Elves', 'LEA'),
    ('Heritage Druid', 'EMA'),
    ('Heritage Druid', 'MOR'),
    ('Arbor Elf', 'WWK'),
    ('Arbor Elf', 'M13'),
    ('Ezuri, Renegade Leader', 'SOM'),
    ('Snapcaster Mage', 'ISD'),
    ('Young Pyromancer', 'EMA'),
    ('Young Pyromancer', 'M14'),
    ('Tarmogoyf', 'MM2'),
    ('Tarmogoyf', 'MMA'),
    ('Tarmogoyf', 'FUT'),
    ('Heart of Kiran', 'AER'),
    ('Bloodbraid Elf', 'EMA'),
    ('Bloodbraid Elf', 'ARB'),
    ('Jace, the Mind Sculptor', 'EMA'),
    ('Jace, the Mind Sculptor', 'WWK'),
    ('Glimpse of Nature', 'CHK'),
    ('Demonic Tutor', 'LEA'),
    ('Demonic Tutor', 'LEB'),
    ('Demonic Tutor', '2ED'),
    ('Demonic Tutor', '3ED'),
    ('Mental Misstep', 'NPH'),
    ('Necropotence', 'EMA'),
    ('Necropotence', '5ED'),
    ('Necropotence', 'ICE'),
    ("Smugler's Copter", 'KLD'),
    ('Braids, Cabal Minion', 'EMA'),
    ('Braids, Cabal Minion', 'ODY'),
    ('Emrakul, the Promised End', 'EMN'),
    ('Duress', 'EMA'),
    ('Duress', 'KTK'),
    ('Duress', 'M14'),
    ('Duress', 'M13'),
    ('Duress', 'M11'),
    ('Duress', 'M10'),
    ('Duress', '7ED'),
    ('Duress', 'USG'),
    ('Lightning Helix', 'MMA'),
    ('Lightning Helix', 'RAV'),
    ('Kemba, Kha Regent', 'SOM'),
    ('Goblin Guide', 'ZEN'),
    ('Treasure Cruise', 'KTK'),
    ('Remand', 'RAV'),
    ('Remand', 'MM2'),
    ('Naturalize', 'DTK'),
    ('Naturalize', 'KTK'),
    ('Naturalize', 'M15'),
    ('Naturalize', 'M14'),
    ('Naturalize', 'GTC'),
    ('Naturalize', 'M13'),
    ('Naturalize', 'ISD'),
    ('Naturalize', 'M12'),
    ('Naturalize', 'M11'),
    ('Naturalize', 'ROE'),
    ('Naturalize', 'M10'),
    ('Naturalize', 'ALA'),
    ('Naturalize', '10E'),
    ('Naturalize', '9ED'),
    ('Naturalize', '8ED'),
    ('Naturalize', 'ONS'),
    ('Chromatic Lantern', 'RTR'),
    ('Nykthos, Shrine to Nyx', 'THS'),
    ('Doran, the Siege Tower', 'LRW'),
    ('Doom Blade', 'M14'),
    ('Doom Blade', 'M12'),
    ('Doom Blade', 'M11'),
    ('Doom Blade', 'M10'),
    ('Mentor of the Meek', 'ISD'),
    ('Lightning Bolt', 'MM2'),
    ('Lightning Bolt', 'M11'),
    ('Lightning Bolt', 'M10'),
    ('Lightning Bolt', '4ED'),
    ('Lightning Bolt', '3ED'),
    ('Lightning Bolt', '2ED'),
    ('Lightning Bolt', 'LEB'),
    ('Lightning Bolt', 'LEA'),
    ('Serum Visions', '5DN'),
    ("Dragon's Claw", 'M12'),
    ("Dragon's Claw", 'M11'),
    ("Dragon's Claw", 'M10'),
    ("Dragon's Claw", '10E'),
    ("Dragon's Claw", '9ED'),
    ("Dragon's Claw", 'DST'),
    ('Merfolk Looter', 'EMA'),
    ('Merfolk Looter', 'M12'),
    ('Merfolk Looter', 'M10'),
    ('Merfolk Looter', '10E'),
    ('Merfolk Looter', '7ED'),
    ('Merfolk Looter', 'EXO'),
    ('Fog', 'EMA'),
    ('Fog', 'M14'),
    ('Fog', 'M13'),
    ('Fog', 'M12'),
    ('Fog', 'M11'),
    ('Fog', 'M10'),
    ('Fog', '7ED'),
    ('Fog', '6ED'),
    ('Fog', '5ED'),
    ('Fog', 'MIR'),
    ('Fog', '4ED'),
    ('Fog', '3ED'),
    ('Fog', '2ED'),
    ('Fog', 'LEB'),
    ('Fog', 'LEA'),
    ('Royal Assassin', 'M12'),
    ('Royal Assassin', 'M11'),
    ('Royal Assassin', 'M10'),
    ('Royal Assassin', '10E'),
    ('Royal Assassin', '9ED'),
    ('Royal Assassin', '8ED'),
    ('Royal Assassin', '4ED'),
    ('Royal Assassin', '3ED'),
    ('Royal Assassin', '2ED'),
    ('Royal Assassin', 'LEB'),
    ('Royal Assassin', 'LEA'),
    ('Ancestral Vision', 'TSP'),
    ('Winding Constrictor', 'AER'),
    ('Unlicensed Disintegration', 'KLD'),
    ('Canopy Vista', 'BFZ'),
    ('Spire of Industry', 'AER'),
    ('Saheeli Rai', 'KLD'),
    ('Felidar Guardian', 'AER'),
    ('Attune with Aether', 'KLD'),
    ('Rishkar, Peema Renegade', 'AER'),
    ('Walking Ballista', 'AER'),
    ("Yaheeni's Expertise", 'AER');
    
INSERT INTO BlocoValidoFormato VALUES
	('LEA', 'Legacy'),
    ('LEB', 'Legacy'),
    ('2ED', 'Legacy'),
    ('3ED', 'Legacy'),
    ('4ED', 'Legacy'),
    ('5ED', 'Legacy'),
    ('6ED', 'Legacy'),
    ('7ED', 'Legacy'),
    ('8ED', 'Legacy'),
    ('9ED', 'Legacy'),
    ('10E', 'Legacy'),
    ('M10', 'Legacy'),
    ('M11', 'Legacy'),
    ('M12', 'Legacy'),
    ('M13', 'Legacy'),
    ('M14', 'Legacy'),
    ('M15', 'Legacy'),
    ('ORI', 'Legacy'),
    ('ARN', 'Legacy'),
    ('ATQ', 'Legacy'),
    ('LEG', 'Legacy'),
    ('DRK', 'Legacy'),
    ('FEM', 'Legacy'),
    ('HML', 'Legacy'),
    ('ICE', 'Legacy'),
    ('ALL', 'Legacy'),
    ('CSP', 'Legacy'),
    ('MIR', 'Legacy'),
    ('VIS', 'Legacy'),
    ('WTH', 'Legacy'),
    ('TMP', 'Legacy'),
    ('STH', 'Legacy'),
    ('EXO', 'Legacy'),
    ('USG', 'Legacy'),
    ('ULG', 'Legacy'),
    ('UDS', 'Legacy'),
    ('MMQ', 'Legacy'),
    ('NMS', 'Legacy'),
    ('PCY', 'Legacy'),
    ('INV', 'Legacy'),
    ('PLS', 'Legacy'),
    ('APC', 'Legacy'),
    ('ODY', 'Legacy'),
    ('TOR', 'Legacy'),
    ('JUD', 'Legacy'),
    ('ONS', 'Legacy'),
    ('LGN', 'Legacy'),
    ('SCG', 'Legacy'),
    ('MRD', 'Legacy'),
    ('DST', 'Legacy'),
    ('5DN', 'Legacy'),
    ('CHK', 'Legacy'),
    ('BOK', 'Legacy'),
    ('SOK', 'Legacy'),
    ('RAV', 'Legacy'),
    ('GPT', 'Legacy'),
    ('DIS', 'Legacy'),
    ('TSP', 'Legacy'),
    ('PLC', 'Legacy'),
    ('FUT', 'Legacy'),
    ('LRW', 'Legacy'),
    ('MOR', 'Legacy'),
    ('SHM', 'Legacy'),
    ('EVE', 'Legacy'),
    ('ALA', 'Legacy'),
    ('CON', 'Legacy'),
    ('ARB', 'Legacy'),
    ('ZEN', 'Legacy'),
    ('WWK', 'Legacy'),
    ('ROE', 'Legacy'),
    ('SOM', 'Legacy'),
    ('MBS', 'Legacy'),
    ('NPH', 'Legacy'),
    ('ISD', 'Legacy'),
    ('DKA', 'Legacy'),
    ('AVR', 'Legacy'),
    ('RTR', 'Legacy'),
    ('GTC', 'Legacy'),
    ('DGM', 'Legacy'),
    ('THS', 'Legacy'),
    ('BNG', 'Legacy'),
    ('JOU', 'Legacy'),
    ('KTK', 'Legacy'),
    ('FRF', 'Legacy'),
    ('DTK', 'Legacy'),
    ('BFZ', 'Legacy'),
    ('OGW', 'Legacy'),
    ('SOI', 'Legacy'),
    ('EMN', 'Legacy'),
    ('KLD', 'Legacy'),
    ('AER', 'Legacy'),
    ('MMA', 'Legacy'),
    ('MM2', 'Legacy'),
    ('EMA', 'Legacy'),
	('LEA', 'Commander'),
    ('LEB', 'Commander'),
    ('2ED', 'Commander'),
    ('3ED', 'Commander'),
    ('4ED', 'Commander'),
    ('5ED', 'Commander'),
    ('6ED', 'Commander'),
    ('7ED', 'Commander'),
    ('8ED', 'Commander'),
    ('9ED', 'Commander'),
    ('10E', 'Commander'),
    ('M10', 'Commander'),
    ('M11', 'Commander'),
    ('M12', 'Commander'),
    ('M13', 'Commander'),
    ('M14', 'Commander'),
    ('M15', 'Commander'),
    ('ORI', 'Commander'),
    ('ARN', 'Commander'),
    ('ATQ', 'Commander'),
    ('LEG', 'Commander'),
    ('DRK', 'Commander'),
    ('FEM', 'Commander'),
    ('HML', 'Commander'),
    ('ICE', 'Commander'),
    ('ALL', 'Commander'),
    ('CSP', 'Commander'),
    ('MIR', 'Commander'),
    ('VIS', 'Commander'),
    ('WTH', 'Commander'),
    ('TMP', 'Commander'),
    ('STH', 'Commander'),
    ('EXO', 'Commander'),
    ('USG', 'Commander'),
    ('ULG', 'Commander'),
    ('UDS', 'Commander'),
    ('MMQ', 'Commander'),
    ('NMS', 'Commander'),
    ('PCY', 'Commander'),
    ('INV', 'Commander'),
    ('PLS', 'Commander'),
    ('APC', 'Commander'),
    ('ODY', 'Commander'),
    ('TOR', 'Commander'),
    ('JUD', 'Commander'),
    ('ONS', 'Commander'),
    ('LGN', 'Commander'),
    ('SCG', 'Commander'),
    ('MRD', 'Commander'),
    ('DST', 'Commander'),
    ('5DN', 'Commander'),
    ('CHK', 'Commander'),
    ('BOK', 'Commander'),
    ('SOK', 'Commander'),
    ('RAV', 'Commander'),
    ('GPT', 'Commander'),
    ('DIS', 'Commander'),
    ('TSP', 'Commander'),
    ('PLC', 'Commander'),
    ('FUT', 'Commander'),
    ('LRW', 'Commander'),
    ('MOR', 'Commander'),
    ('SHM', 'Commander'),
    ('EVE', 'Commander'),
    ('ALA', 'Commander'),
    ('CON', 'Commander'),
    ('ARB', 'Commander'),
    ('ZEN', 'Commander'),
    ('WWK', 'Commander'),
    ('ROE', 'Commander'),
    ('SOM', 'Commander'),
    ('MBS', 'Commander'),
    ('NPH', 'Commander'),
    ('ISD', 'Commander'),
    ('DKA', 'Commander'),
    ('AVR', 'Commander'),
    ('RTR', 'Commander'),
    ('GTC', 'Commander'),
    ('DGM', 'Commander'),
    ('THS', 'Commander'),
    ('BNG', 'Commander'),
    ('JOU', 'Commander'),
    ('KTK', 'Commander'),
    ('FRF', 'Commander'),
    ('DTK', 'Commander'),
    ('BFZ', 'Commander'),
    ('OGW', 'Commander'),
    ('SOI', 'Commander'),
    ('EMN', 'Commander'),
    ('KLD', 'Commander'),
    ('AER', 'Commander'),
    ('MMA', 'Commander'),
    ('MM2', 'Commander'),
    ('EMA', 'Commander'),
    ('8ED', 'Modern'),
    ('9ED', 'Modern'),
    ('10E', 'Modern'),
    ('M10', 'Modern'),
    ('M11', 'Modern'),
    ('M12', 'Modern'),
    ('M13', 'Modern'),
    ('M14', 'Modern'),
    ('M15', 'Modern'),
    ('ORI', 'Modern'),
	('MRD', 'Modern'),
    ('DST', 'Modern'),
    ('5DN', 'Modern'),
    ('CHK', 'Modern'),
    ('BOK', 'Modern'),
    ('SOK', 'Modern'),
    ('RAV', 'Modern'),
    ('GPT', 'Modern'),
    ('DIS', 'Modern'),
    ('TSP', 'Modern'),
    ('PLC', 'Modern'),
    ('FUT', 'Modern'),
    ('LRW', 'Modern'),
    ('MOR', 'Modern'),
    ('SHM', 'Modern'),
    ('EVE', 'Modern'),
    ('ALA', 'Modern'),
    ('CON', 'Modern'),
    ('ARB', 'Modern'),
    ('ZEN', 'Modern'),
    ('WWK', 'Modern'),
    ('ROE', 'Modern'),
    ('SOM', 'Modern'),
    ('MBS', 'Modern'),
    ('NPH', 'Modern'),
    ('ISD', 'Modern'),
    ('DKA', 'Modern'),
    ('AVR', 'Modern'),
    ('RTR', 'Modern'),
    ('GTC', 'Modern'),
    ('DGM', 'Modern'),
    ('THS', 'Modern'),
    ('BNG', 'Modern'),
    ('JOU', 'Modern'),
    ('KTK', 'Modern'),
    ('FRF', 'Modern'),
    ('DTK', 'Modern'),
    ('BFZ', 'Modern'),
    ('OGW', 'Modern'),
    ('SOI', 'Modern'),
    ('EMN', 'Modern'),
    ('KLD', 'Modern'),
    ('AER', 'Modern'),
    ('MMA', 'Modern'),
    ('MM2', 'Modern'),
	('BFZ', 'Standard'),
    ('OGW', 'Standard'),
    ('SOI', 'Standard'),
    ('EMN', 'Standard'),
    ('KLD', 'Standard'),
    ('AER', 'Standard');
    
INSERT INTO CartaBanidaFormato VALUES
	('Bloodbraid Elf', 'Modern'),
    ('Jace, the Mind Sculptor', 'Modern'),
    ('Glimpse of Nature', 'Modern'),
    ('Mental Misstep', 'Modern'),
    ('Mental Misstep', 'Legacy'),
    ('Necropotence', 'Legacy'),
    ("Smugler's Copter", 'Standard'),
    ('Braids, Cabal Minion', 'Commander'),
	('Demonic Tutor', 'Legacy');
    
INSERT INTO Armazenamento (dono, tipo, limite) VALUES
	('jvitorfromhell', 'Pasta', 180),
    ('anaLegs', 'Pasta', 180),
    ('bubbles', 'Pasta', 180),
    ('freitas', 'Pasta', 180),
    ('yanyantcha', 'Pasta', 180),
    ('leozerah', 'Pasta', 180);
    
INSERT INTO CopiaCarta (nomeCarta, Usuario, Armazenamento) VALUES
	('Heritage Druid', 'jvitorfromhell', 1),
    ('Heritage Druid', 'jvitorfromhell', 1),
    ('Heritage Druid', 'jvitorfromhell', 1),
    ('Heritage Druid', 'jvitorfromhell', 1),
	('Llanowar Elves', 'jvitorfromhell', 1),
    ('Llanowar Elves', 'jvitorfromhell', 1),
    ('Llanowar Elves', 'jvitorfromhell', 1),
    ('Llanowar Elves', 'jvitorfromhell', 1),
    ('Llanowar Elves', 'jvitorfromhell', 1),
    ('Llanowar Elves', 'jvitorfromhell', 1),
    ('Llanowar Elves', 'jvitorfromhell', 1),
	('Llanowar Elves', 'jvitorfromhell', 1),
	('Jace, the Mind Sculptor', 'jvitorfromhell', 1),
    ('Mental Misstep', 'jvitorfromhell', 1),
    ('Mental Misstep', 'jvitorfromhell', 1),
    ('Mental Misstep', 'jvitorfromhell', 1),
    ('Bloodbraid Elf', 'jvitorfromhell', 1),
    ('Bloodbraid Elf', 'jvitorfromhell', 1),
    ('Bloodbraid Elf', 'jvitorfromhell', 1),
    ('Bloodbraid Elf', 'jvitorfromhell', 1),
    ('Lightning Bolt', 'jvitorfromhell', 1),
    ('Lightning Bolt', 'jvitorfromhell', 1),
    ('Lightning Bolt', 'jvitorfromhell', 1),
    ('Lightning Bolt', 'jvitorfromhell', 1),
    ('Lightning Bolt', 'jvitorfromhell', 1),
    ('Nykthos, Shrine to Nyx', 'jvitorfromhell', 1),
    ('Goblin Guide', 'jvitorfromhell', 1),
    ('Goblin Guide', 'jvitorfromhell', 1),
    ('Goblin Guide', 'jvitorfromhell', 1),
    ('Goblin Guide', 'jvitorfromhell', 1),
    ('Treasure Cruise', 'jvitorfromhell', 1),
    ('Treasure Cruise', 'jvitorfromhell', 1),
    ('Treasure Cruise', 'jvitorfromhell', 1),
    ('Merfolk Looter', 'jvitorfromhell', 1),
    ('Merfolk Looter', 'jvitorfromhell', 1),
    ('Merfolk Looter', 'jvitorfromhell', 1),
    ('Royal Assassin', 'jvitorfromhell', 1),
    ('Kemba, Kha Regent', 'jvitorfromhell', 1),
    ('Chromatic Lantern', 'jvitorfromhell', 1),
    ('Canopy Vista', 'jvitorfromhell', 1),
    ('Canopy Vista', 'jvitorfromhell', 1);
    
INSERT INTO CopiaCarta (nomeCarta, Usuario, Armazenamento) VALUES
	('Heritage Druid', 'anaLegs', 2),
    ('Heritage Druid', 'anaLegs', 2),
    ('Ezuri, Renegade Leader', 'anaLegs', 2),
    ('Doran, the Siege Tower', 'anaLegs', 2),
    ('Kemba, Kha Regent', 'anaLegs', 2),
    ('Jace, the Mind Sculptor', 'anaLegs', 2),
    ('Braids, Cabal Minion', 'anaLegs', 2),
    ('Lightning Bolt', 'anaLegs', 2),
    ('Lightning Helix', 'anaLegs', 2),
    ('Goblin Guide', 'anaLegs', 2),
    ('Emrakul, the Promised End', 'anaLegs', 2),
    ('Saheeli Rai', 'anaLegs', 2),
    ('Ancestral Vision', 'anaLegs', 2),
    ('Ancestral Vision', 'anaLegs', 2),
    ('Mountain', 'anaLegs', 2),
    ('Mountain', 'anaLegs', 2),
    ('Mountain', 'anaLegs', 2),
    ('Mountain', 'anaLegs', 2),
    ('Mountain', 'anaLegs', 2),
    ('Forest', 'anaLegs', 2),
    ('Forest', 'anaLegs', 2),
    ('Swamp', 'anaLegs', 2),
    ('Plains', 'anaLegs', 2),
    ('Plains', 'anaLegs', 2),
    ('Plains', 'anaLegs', 2),
    ('Heart of Kiran', 'anaLegs', 2),
    ('Llanowar Elves', 'anaLegs', 2),
    ('Llanowar Elves', 'anaLegs', 2),
    ('Rishkar, Peema Renegade', 'anaLegs', 2),
    ('Tarmogoyf', 'anaLegs', 2);
    
INSERT INTO CopiaCarta (nomeCarta, Usuario, Armazenamento) VALUES
	('Swamp', 'bubbles', 3),
    ('Forest', 'bubbles', 3),
    ('Mountain', 'bubbles', 3),
    ('Plains', 'bubbles', 3),
    ('Island', 'bubbles', 3),
    ('Heart of Kiran', 'bubbles', 3),
    ('Heart of Kiran', 'bubbles', 3),
    ('Heart of Kiran', 'bubbles', 3),
    ('Heart of Kiran', 'bubbles', 3),
    ('Emrakul, the Promised End', 'bubbles', 3),
    ('Emrakul, the Promised End', 'bubbles', 3),
    ('Attune with Aether', 'bubbles', 3),
    ('Attune with Aether', 'bubbles', 3),
    ('Attune with Aether', 'bubbles', 3),
    ('Attune with Aether', 'bubbles', 3),
    ('Unlicensed Disintegration', 'bubbles', 3),
    ('Unlicensed Disintegration', 'bubbles', 3),
    ('Unlicensed Disintegration', 'bubbles', 3),
    ('Unlicensed Disintegration', 'bubbles', 3),
    ('Spire of Industry', 'bubbles', 3),
    ('Spire of Industry', 'bubbles', 3),
    ('Spire of Industry', 'bubbles', 3),
    ('Spire of Industry', 'bubbles', 3),
    ("Smugler's Copter", 'bubbles', 3),
    ("Smugler's Copter", 'bubbles', 3),
    ("Smugler's Copter", 'bubbles', 3),
    ("Smugler's Copter", 'bubbles', 3);

INSERT INTO CopiaCarta (nomeCarta, Usuario, Armazenamento) VALUES
	('Island', 'freitas', 4),
    ('Island', 'freitas', 4),
    ('Island', 'freitas', 4),
    ('Island', 'freitas', 4),
    ('Island', 'freitas', 4),
    ('Island', 'freitas', 4),
    ('Island', 'freitas', 4),
    ('Treasure Cruise', 'freitas', 4),
    ('Treasure Cruise', 'freitas', 4),
    ('Treasure Cruise', 'freitas', 4),
    ('Treasure Cruise', 'freitas', 4),
    ('Jace, the Mind Sculptor', 'freitas', 4),
    ('Jace, the Mind Sculptor', 'freitas', 4),
    ('Jace, the Mind Sculptor', 'freitas', 4),
    ('Jace, the Mind Sculptor', 'freitas', 4),
    ('Forest', 'freitas', 4),
    ('Forest', 'freitas', 4),
    ('Forest', 'freitas', 4),
    ('Swamp', 'freitas', 4),
    ('Swamp', 'freitas', 4),
    ('Swamp', 'freitas', 4),
    ('Heritage Druid', 'freitas', 4),
    ('Fog', 'freitas', 4),
    ('Fog', 'freitas', 4),
    ('Fog', 'freitas', 4),
    ('Duress', 'freitas', 4),
    ('Duress', 'freitas', 4),
    ('Duress', 'freitas', 4),
    ('Remand', 'freitas', 4),
    ('Remand', 'freitas', 4),
    ('Remand', 'freitas', 4),
    ('Remand', 'freitas', 4),
    ('Snapcaster Mage', 'freitas', 4),
    ('Snapcaster Mage', 'freitas', 4),
    ('Snapcaster Mage', 'freitas', 4),
    ('Snapcaster Mage', 'freitas', 4),
    ('Serum Visions', 'freitas', 4),
    ('Serum Visions', 'freitas', 4),
    ('Serum Visions', 'freitas', 4),
    ('Merfolk Looter', 'freitas', 4),
    ('Merfolk Looter', 'freitas', 4),
    ('Merfolk Looter', 'freitas', 4);


INSERT INTO CopiaCarta (nomeCarta, Usuario, Armazenamento) VALUES
	('Rishkar, Peema Renegade', 'yanyantcha', 5),
    ('Rishkar, Peema Renegade', 'yanyantcha', 5),
    ('Winding Constrictor', 'yanyantcha', 5),
    ('Winding Constrictor', 'yanyantcha', 5),
    ('Winding Constrictor', 'yanyantcha', 5),
    ('Winding Constrictor', 'yanyantcha', 5),
    ('Walking Ballista', 'yanyantcha', 5),
    ('Walking Ballista', 'yanyantcha', 5),
    ('Walking Ballista', 'yanyantcha', 5),
    ('Walking Ballista', 'yanyantcha', 5),
    ('Spire of Industry', 'yanyantcha', 5),
    ('Spire of Industry', 'yanyantcha', 5),
    ('Saheeli Rai', 'yanyantcha', 5),
    ('Saheeli Rai', 'yanyantcha', 5),
    ('Felidar Guardian', 'yanyantcha', 5),
    ('Felidar Guardian', 'yanyantcha', 5),
    ('Felidar Guardian', 'yanyantcha', 5);

INSERT INTO CopiaCarta (nomeCarta, Usuario, Armazenamento) VALUES
	('Demonic Tutor', 'leozerah', 6),
    ('Demonic Tutor', 'leozerah', 6),
    ('Glimpse of Nature', 'leozerah', 6),
    ('Tarmogoyf', 'leozerah', 6),
    ('Tarmogoyf', 'leozerah', 6),
    ('Doran, the Siege Tower', 'leozerah', 6),
    ('Necropotence', 'leozerah', 6),
    ('Necropotence', 'leozerah', 6),
    ('Heritage Druid', 'leozerah', 6),
    ('Heritage Druid', 'leozerah', 6),
    ('Heritage Druid', 'leozerah', 6),
    ('Braids, Cabal Minion', 'leozerah', 6),
    ('Chromatic Lantern', 'leozerah', 6),
    ('Chromatic Lantern', 'leozerah', 6),
    ('Chromatic Lantern', 'leozerah', 6),
    ('Chromatic Lantern', 'leozerah', 6),
    ('Mental Misstep', 'leozerah', 6),
    ('Mental Misstep', 'leozerah', 6),
    ('Jace, the Mind Sculptor', 'leozerah', 6),
    ('Naturalize', 'leozerah', 6),
    ('Naturalize', 'leozerah', 6),
    ('Naturalize', 'leozerah', 6);
    
INSERT INTO Troca(remetente, destinatario, carta) VALUES
	('jvitorfromhell', 'anaLegs', 70),
    ('jvitorfromhell', 'freitas', 120),
    ('jvitorfromhell', 'yanyantcha', 156),
    ('yanyantcha', 'leozerah', 13),
    ('yanyantcha', 'bubbles', 81),
    ('freitas', 'bubbles', 82),
    ('freitas', 'yanyantcha', 154),
    ('leozerah', 'bubbles', 98),
    ('bubbles', 'anaLegs', 67),
    ('freitas', 'anaLegs', 54),
    ('leozerah', 'anaLegs', 13),
    ('bubbles', 'leozerah', 163),
    ('leozerah', 'jvitorfromhell', 26),
    ('leozerah', 'yanyantcha', 141),
    ('leozerah', 'yanyantcha', 142),
    ('anaLegs', 'freitas', 123),
    ('anaLegs', 'yanyantcha', 155),
    ('leozerah', 'bubbles', 95),
    ('leozerah', 'bubbles', 96),
    ('leozerah', 'bubbles', 97),
    ('anaLegs', 'jvitorfromhell', 13),
    ('leozerah', 'bubbles', 87),
    ('yanyantcha', 'freitas', 121),
    ('yanyantcha', 'freitas', 122); 	